Country of asylum,Country of asylum (ISO),Year,Refugees under UNHCR's mandate,Asylum-seekers,IDPs of concern to UNHCR,Stateless persons,Others of concern,GDP,Population,Income level
Albania,ALB,2000,521,5,0,0,0,3480355258.04122,3089027.0,Middle Income
Albania,ALB,2001,291,71,0,0,0,3922100793.5403,3060173.0,Middle Income
Albania,ALB,2002,18,46,0,0,0,4348068242.19512,3051010.0,Middle Income
Albania,ALB,2003,24,86,0,0,0,5611496257.14231,3039616.0,Middle Income
Albania,ALB,2004,49,30,0,0,0,7184685781.51876,3026939.0,Middle Income
Albania,ALB,2005,53,32,0,0,0,8052073539.38058,3011487.0,Middle Income
Albania,ALB,2006,56,27,0,0,0,8896072918.9814,2992547.0,Middle Income
Albania,ALB,2007,68,16,0,0,0,10677324144.4289,2970017.0,Middle Income
Albania,ALB,2008,57,20,0,0,0,12881353507.8539,2947314.0,Middle Income
Albania,ALB,2009,69,19,0,0,0,12044208085.864,2927519.0,Middle Income
Albania,ALB,2010,75,20,0,0,0,11926922828.9911,2913021.0,Middle Income
Albania,ALB,2011,79,26,0,0,0,12890764531.3284,2905195.0,Middle Income
Albania,ALB,2012,84,28,0,7443,0,12319830437.3467,2900401.0,Middle Income
Albania,ALB,2013,96,228,0,7443,0,12776220507.0162,2895092.0,Middle Income
Albania,ALB,2014,111,482,0,7443,0,13228147516.1168,2889104.0,Middle Income
Albania,ALB,2015,109,830,0,7442,0,11386850129.8411,2880703.0,Middle Income
Albania,ALB,2016,141,2750,0,4921,0,11861199830.8396,2876101.0,Middle Income
Albania,ALB,2017,124,32,0,4460,2719,13019689336.6919,2873457.0,Middle Income
Albania,ALB,2018,132,159,0,4160,76,15156432309.8977,2866376.0,Middle Income
Albania,ALB,2019,120,5,0,3687,153,15401830754.0773,2854191.0,Middle Income
Albania,ALB,2020,105,0,0,1031,10,15131866270.5936,2837849.0,Middle Income
Albania,ALB,2021,109,6,0,1838,13,18255787479.1846,2811666.0,Middle Income
Austria,AUT,2000,13878,0,0,0,0,197289625479.906,8011566.0,High Income
Austria,AUT,2001,12541,0,0,0,0,197508773215.323,8042293.0,High Income
Austria,AUT,2002,11333,0,0,0,0,214394866675.24,8081957.0,High Income
Austria,AUT,2003,12212,0,0,0,0,262273631180.054,8121423.0,High Income
Austria,AUT,2004,17638,0,0,524,0,301457562038.541,8171966.0,High Income
Austria,AUT,2005,20954,0,0,500,0,316092273276.015,8227829.0,High Income
Austria,AUT,2006,25212,39530,0,501,0,336280064332.411,8268641.0,High Income
Austria,AUT,2007,30477,33704,0,472,0,389185571506.052,8295487.0,High Income
Austria,AUT,2008,37241,30942,0,464,0,432051935642.945,8321496.0,High Income
Austria,AUT,2009,38585,28479,0,523,0,401758735822.211,8343323.0,High Income
Austria,AUT,2010,42300,21976,0,401,0,392275107258.667,8363404.0,High Income
Austria,AUT,2011,46740,20498,0,464,0,431685217367.511,8391643.0,High Income
Austria,AUT,2012,51385,21717,0,542,0,409401816050.531,8429991.0,High Income
Austria,AUT,2013,55254,22118,0,604,0,430190979705.962,8479823.0,High Income
Austria,AUT,2014,60449,0,0,570,0,442584815286.034,8546356.0,High Income
Austria,AUT,2015,72020,79609,0,828,0,381971148530.543,8642699.0,High Income
Austria,AUT,2016,91309,74942,0,937,0,395837353031.499,8736668.0,High Income
Austria,AUT,2017,111944,55523,0,1003,0,417261151844.977,8797566.0,High Income
Austria,AUT,2018,124772,36938,0,1062,0,454991174096.102,8840521.0,High Income
Austria,AUT,2019,131610,26436,0,1132,0,444621176100.548,8879920.0,High Income
Austria,AUT,2020,137238,20400,0,3267,0,435225238000.437,8916864.0,High Income
Austria,AUT,2021,147505,27301,0,3162,0,480368403893.364,8955797.0,High Income
Belarus,BLR,2000,453,410,0,0,0,12736856827.9847,9979610.0,Middle Income
Belarus,BLR,2001,581,354,0,0,19024,12354820143.8849,9928549.0,Middle Income
Belarus,BLR,2002,612,333,0,0,16894,14594249022.8922,9865548.0,Middle Income
Belarus,BLR,2003,631,318,0,0,13836,17827791321.3067,9796749.0,Middle Income
Belarus,BLR,2004,719,65,0,10465,0,23144351851.8519,9730146.0,Middle Income
Belarus,BLR,2005,718,50,0,9983,0,30207567316.6202,9663915.0,Middle Income
Belarus,BLR,2006,683,24,0,8886,0,36954312354.3124,9604924.0,Middle Income
Belarus,BLR,2007,643,10,0,8025,0,45277399813.6067,9560953.0,Middle Income
Belarus,BLR,2008,602,54,0,7818,0,60763483146.0674,9527985.0,Middle Income
Belarus,BLR,2009,578,84,0,7799,0,50874078052.2735,9504583.0,Middle Income
Belarus,BLR,2010,587,62,0,7731,0,57222490768.7143,9483836.0,Middle Income
Belarus,BLR,2011,594,46,0,7391,0,61757788944.7236,9461643.0,Middle Income
Belarus,BLR,2012,572,56,0,6969,0,65685102554.8759,9446836.0,Middle Income
Belarus,BLR,2013,599,84,0,6712,0,75527984234.2342,9443211.0,Middle Income
Belarus,BLR,2014,919,254,0,6440,0,78813839984.3506,9448515.0,Middle Income
Belarus,BLR,2015,1805,273,0,5635,0,56454734396.5842,9461076.0,Middle Income
Belarus,BLR,2016,1647,228,0,6182,0,47722657820.6675,9469379.0,Middle Income
Belarus,BLR,2017,2155,273,0,6007,0,54726595249.1849,9458989.0,Middle Income
Belarus,BLR,2018,2225,184,0,6025,0,60031262269.3365,9438785.0,Middle Income
Belarus,BLR,2019,2725,131,0,6466,0,64409647193.8044,9419758.0,Middle Income
Belarus,BLR,2020,2900,143,0,6296,0,61371126414.1663,9379952.0,Middle Income
Belarus,BLR,2021,2729,114,0,5985,0,68205380706.6609,9340314.0,Middle Income
Belgium,BEL,2000,13042,0,0,0,0,236792460312.471,10251250.0,High Income
Belgium,BEL,2001,11113,0,0,0,0,236746141604.37,10286570.0,High Income
Belgium,BEL,2002,9491,0,0,0,0,258383599375.177,10332785.0,High Income
Belgium,BEL,2003,9624,4082,0,0,0,318082528506.588,10376133.0,High Income
Belgium,BEL,2004,10739,6974,0,93,0,369214712443.206,10421137.0,High Income
Belgium,BEL,2005,14007,18742,0,237,0,385714762230.039,10478617.0,High Income
Belgium,BEL,2006,15101,11198,0,426,0,408259840868.823,10547958.0,High Income
Belgium,BEL,2007,14173,0,0,468,0,470922156309.453,10625700.0,High Income
Belgium,BEL,2008,12751,0,0,548,0,517328087920.078,10709973.0,High Income
Belgium,BEL,2009,12855,0,0,637,0,483254171097.812,10796493.0,High Income
Belgium,BEL,2010,13413,0,0,691,0,481420882905.001,10895586.0,High Income
Belgium,BEL,2011,15336,16695,0,697,0,523330354138.133,11038264.0,High Income
Belgium,BEL,2012,16697,13417,0,3898,0,496152879924.727,11106932.0,High Income
Belgium,BEL,2013,23182,8222,0,2466,0,521791015247.06,11159407.0,High Income
Belgium,BEL,2014,26161,9266,0,2554,0,535390200131.018,11209057.0,High Income
Belgium,BEL,2015,26957,17687,0,5776,0,462335574841.484,11274196.0,High Income
Belgium,BEL,2016,34655,19803,0,2630,0,476062757356.927,11331422.0,High Income
Belgium,BEL,2017,34655,18315,0,7695,0,502764720556.354,11375158.0,High Income
Belgium,BEL,2018,34655,19090,0,7695,0,543299066998.902,11427054.0,High Income
Belgium,BEL,2019,55579,10078,0,11208,0,535830876745.097,11488980.0,High Income
Belgium,BEL,2020,58294,28855,0,1264,940,525211810652.608,11538604.0,High Income
Belgium,BEL,2021,67084,28435,0,1178,854,594104177539.525,11592952.0,High Income
Bosnia and Herzegovina,BIH,2000,38150,73,518252,0,0,5567405605.27555,4179350.0,Middle Income
Bosnia and Herzegovina,BIH,2001,32744,382,438253,0,0,5800774707.17423,4194932.0,Middle Income
Bosnia and Herzegovina,BIH,2002,28020,453,367491,0,0,6728771318.57555,4198410.0,Middle Income
Bosnia and Herzegovina,BIH,2003,22515,695,327188,0,0,8498560877.09175,4183757.0,Middle Income
Bosnia and Herzegovina,BIH,2004,22209,456,309240,0,0,10157553968.254,4142860.0,Middle Income
Bosnia and Herzegovina,BIH,2005,10566,210,182747,0,0,11222953328.6704,4094297.0,Middle Income
Bosnia and Herzegovina,BIH,2006,10315,91,135500,0,0,12864610865.2428,4058086.0,Middle Income
Bosnia and Herzegovina,BIH,2007,7364,616,130984,0,0,15778767389.7831,4007876.0,Middle Income
Bosnia and Herzegovina,BIH,2008,7254,471,124529,10000,50496,19112739364.8892,3943392.0,Middle Income
Bosnia and Herzegovina,BIH,2009,7130,350,113642,9688,50874,17613836494.0692,3877750.0,Middle Income
Bosnia and Herzegovina,BIH,2010,7014,149,113365,5000,52713,17176781065.8902,3811088.0,Middle Income
Bosnia and Herzegovina,BIH,2011,6932,32,113000,4500,52529,18644723860.9709,3743142.0,Middle Income
Bosnia and Herzegovina,BIH,2012,6904,31,103449,4500,52717,17226849165.6813,3674374.0,Middle Income
Bosnia and Herzegovina,BIH,2013,6924,34,84500,792,52437,18178503835.4491,3617559.0,Middle Income
Bosnia and Herzegovina,BIH,2014,6883,7,84500,101,52437,18558343304.8433,3571068.0,Middle Income
Bosnia and Herzegovina,BIH,2015,6789,20,98324,58,52437,16211541593.4222,3524324.0,Middle Income
Bosnia and Herzegovina,BIH,2016,5266,51,98324,49,52437,16913330976.7547,3480986.0,Middle Income
Bosnia and Herzegovina,BIH,2017,5224,223,98574,65,48907,18080118186.009,3440027.0,Middle Income
Bosnia and Herzegovina,BIH,2018,5227,1003,96830,90,48907,20183510863.0054,3400129.0,Middle Income
Bosnia and Herzegovina,BIH,2019,5241,725,96421,74,53728,20202479537.5193,3360711.0,Middle Income
Bosnia and Herzegovina,BIH,2020,5232,256,96305,66,7640,19950471170.6465,3318407.0,Middle Income
Bosnia and Herzegovina,BIH,2021,240,150,96305,115,2323,23365361635.2201,3270943.0,Middle Income
Bulgaria,BGR,2000,1470,1304,0,0,0,13245834314.5104,8170172.0,Middle Income
Bulgaria,BGR,2001,2984,1534,0,0,0,14183497963.1071,8009142.0,Middle Income
Bulgaria,BGR,2002,3642,1118,0,0,0,16402846413.0958,7837161.0,Middle Income
Bulgaria,BGR,2003,4047,736,0,0,0,21144982397.4144,7775327.0,Middle Income
Bulgaria,BGR,2004,4608,899,0,0,0,26157892832.2011,7716860.0,Middle Income
Bulgaria,BGR,2005,4388,787,0,0,0,29869284035.3218,7658972.0,Middle Income
Bulgaria,BGR,2006,4479,839,0,0,0,34379808888.6039,7601022.0,Middle Income
Bulgaria,BGR,2007,4808,1002,0,0,0,44432811756.4731,7545338.0,Middle Income
Bulgaria,BGR,2008,5108,1060,0,0,0,54481376860.3695,7492561.0,Middle Income
Bulgaria,BGR,2009,5375,1175,0,0,0,52023505367.1714,7444443.0,Middle Income
Bulgaria,BGR,2010,5519,1387,0,0,0,50682061053.2016,7395599.0,Middle Income
Bulgaria,BGR,2011,5676,1381,0,0,0,57678241023.818,7348328.0,Middle Income
Bulgaria,BGR,2012,2273,0,0,0,0,54300857424.4415,7305888.0,Middle Income
Bulgaria,BGR,2013,4305,4539,0,0,0,55810138436.4821,7265115.0,Middle Income
Bulgaria,BGR,2014,11026,6735,0,67,0,57082011260.3446,7223938.0,Middle Income
Bulgaria,BGR,2015,16543,9488,0,67,0,50781996712.7635,7177991.0,Middle Income
Bulgaria,BGR,2016,17794,16030,0,67,0,53953897624.4344,7127822.0,Middle Income
Bulgaria,BGR,2017,19166,2712,0,48,0,59199447421.4924,7075947.0,Middle Income
Bulgaria,BGR,2018,19906,1560,0,92,0,66363537115.2686,7025037.0,Middle Income
Bulgaria,BGR,2019,20438,1054,0,1142,0,68915875214.6537,6975761.0,Middle Income
Bulgaria,BGR,2020,21113,1938,0,1141,0,70240275010.1964,6934015.0,Middle Income
Bulgaria,BGR,2021,22830,7547,0,1120,0,84056312734.3089,6877743.0,Middle Income
Croatia,HRV,2000,22437,17,34134,0,0,21807856145.1037,4468302.0,Middle Income
Croatia,HRV,2001,21875,63,23402,0,0,23259567777.5327,4299642.0,Middle Income
Croatia,HRV,2002,8392,49,17100,0,0,27085262278.8634,4302174.0,Middle Income
Croatia,HRV,2003,4385,59,12566,0,0,35022903386.8064,4303399.0,Middle Income
Croatia,HRV,2004,3662,26,7540,14,0,42013459301.7962,4304600.0,Middle Income
Croatia,HRV,2005,2927,6,4804,20,0,45835098187.6637,4310145.0,Middle Income
Croatia,HRV,2006,2442,8,3975,18,0,50915016294.105,4311159.0,Middle Income
Croatia,HRV,2007,1641,46,2873,18,0,60641942979.2183,4310217.0,High Income
Croatia,HRV,2008,1591,52,2497,180,28084,70943300079.4666,4309705.0,High Income
Croatia,HRV,2009,1240,26,2285,237,23583,63324394633.9008,4305181.0,High Income
Croatia,HRV,2010,933,64,2125,1749,20383,60672093864.787,4295427.0,High Income
Croatia,HRV,2011,818,219,0,1720,21016,63408294943.4855,4280622.0,High Income
Croatia,HRV,2012,722,329,0,2886,19970,57369359295.2829,4267558.0,High Income
Croatia,HRV,2013,679,189,0,2886,16046,59032066091.7147,4255689.0,High Income
Croatia,HRV,2014,724,77,0,2886,15794,58423981441.1801,4238389.0,High Income
Croatia,HRV,2015,517,30,0,2873,14070,50242783066.1173,4203604.0,Middle Income
Croatia,HRV,2016,300,529,0,2873,14518,52397494687.4863,4174349.0,Middle Income
Croatia,HRV,2017,508,401,0,2873,8019,56323836169.7177,4124531.0,High Income
Croatia,HRV,2018,787,198,0,2886,4376,62316840749.9705,4087843.0,High Income
Croatia,HRV,2019,916,454,0,2896,4027,62327983579.5899,4065253.0,High Income
Croatia,HRV,2020,949,567,0,2900,2515,57472012426.6853,4047680.0,High Income
Croatia,HRV,2021,1020,562,0,2890,546,68955083280.1922,3899000.0,High Income
Czechia,CZE,2000,1108,4981,0,0,0,61828166496.0941,10255063.0,Middle Income
Czechia,CZE,2001,1156,11492,0,0,0,67808032979.5429,10216605.0,Middle Income
Czechia,CZE,2002,1235,7497,0,0,0,82196001050.7474,10196916.0,Middle Income
Czechia,CZE,2003,1450,3645,0,0,0,100090467581.268,10193998.0,Middle Income
Czechia,CZE,2004,1552,1056,0,0,0,119814434353.575,10197101.0,Middle Income
Czechia,CZE,2005,1729,869,0,0,0,137143471328.274,10211216.0,High Income
Czechia,CZE,2006,1807,2756,0,0,0,156264095664.643,10238905.0,High Income
Czechia,CZE,2007,2000,2149,0,0,0,190183800884.018,10298828.0,High Income
Czechia,CZE,2008,2077,1413,0,0,0,236816485762.988,10384603.0,High Income
Czechia,CZE,2009,2284,1235,0,0,0,207434296805.33,10443936.0,High Income
Czechia,CZE,2010,2416,1031,0,0,0,209069940963.177,10474410.0,High Income
Czechia,CZE,2011,2416,0,0,0,0,229562733398.948,10496088.0,High Income
Czechia,CZE,2012,2772,566,0,1502,0,208857719320.649,10510785.0,High Income
Czechia,CZE,2013,2966,292,0,1502,0,211685616592.931,10514272.0,High Income
Czechia,CZE,2014,3065,459,0,1502,0,209358834156.329,10525347.0,High Income
Czechia,CZE,2015,3531,654,0,1502,0,188033050459.881,10546059.0,High Income
Czechia,CZE,2016,3531,769,0,1502,0,196272068576.338,10566332.0,High Income
Czechia,CZE,2017,3531,799,0,1502,0,218628940951.675,10594438.0,High Income
Czechia,CZE,2018,2186,833,0,1502,0,249000540729.179,10629928.0,High Income
Czechia,CZE,2019,2054,753,0,1502,0,252548179964.897,10671870.0,High Income
Czechia,CZE,2020,1919,589,0,1492,0,245974558654.043,10697858.0,High Income
Czechia,CZE,2021,1909,537,0,1587,552,281777887121.451,10505772.0,High Income
Denmark,DNK,2000,70857,6116,0,0,0,164158739097.623,5339616.0,High Income
Denmark,DNK,2001,64860,5564,0,0,0,164791442543.375,5358783.0,High Income
Denmark,DNK,2002,69427,4597,0,0,0,178635163717.431,5375931.0,High Income
Denmark,DNK,2003,65934,2015,0,0,0,218096033517.009,5390574.0,High Income
Denmark,DNK,2004,61874,820,0,0,0,251373002954.382,5404523.0,High Income
Denmark,DNK,2005,41859,500,0,446,0,264467336457.17,5419432.0,High Income
Denmark,DNK,2006,35624,398,0,796,0,282884947702.966,5437272.0,High Income
Denmark,DNK,2007,26308,537,0,796,0,319423424509.066,5461438.0,High Income
Denmark,DNK,2008,23345,485,0,3687,0,353361038818.383,5493621.0,High Income
Denmark,DNK,2009,20306,1146,0,3263,0,321241303699.006,5523095.0,High Income
Denmark,DNK,2010,17843,3329,0,3216,0,321995279401.502,5547683.0,High Income
Denmark,DNK,2011,12983,648,0,3183,0,344003137611.271,5570572.0,High Income
Denmark,DNK,2012,11400,1527,0,3623,0,327148943812.137,5591572.0,High Income
Denmark,DNK,2013,12758,1600,0,4263,0,343584391647.927,5614932.0,High Income
Denmark,DNK,2014,17378,4268,0,4725,0,352993631617.708,5643475.0,High Income
Denmark,DNK,2015,26927,2931,0,6580,0,302673070846.857,5683483.0,High Income
Denmark,DNK,2016,33471,7001,0,7610,0,313115929314.339,5728010.0,High Income
Denmark,DNK,2017,35638,4223,0,7990,0,332121063806.391,5764980.0,High Income
Denmark,DNK,2018,36595,2667,0,8236,0,356841216410.068,5793636.0,High Income
Denmark,DNK,2019,37505,1412,0,11682,0,346498737961.635,5814422.0,High Income
Denmark,DNK,2020,36643,1331,0,11655,0,355222449505.211,5831404.0,High Income
Denmark,DNK,2021,36023,1519,0,11643,0,398303272764.46,5856733.0,High Income
Estonia,EST,2001,6,20,0,0,0,6254649538.98487,1388115.0,Middle Income
Estonia,EST,2002,6,5,0,0,0,7367975887.72723,1379350.0,Middle Income
Estonia,EST,2003,6,0,0,0,0,9874013098.46432,1370720.0,Middle Income
Estonia,EST,2004,6,10,0,150536,0,12145911801.2422,1362550.0,Middle Income
Estonia,EST,2007,6,5,0,116248,0,22449129482.617,1340680.0,High Income
Estonia,EST,2008,16,5,0,110315,0,24341678628.9732,1337090.0,High Income
Estonia,EST,2009,16,19,0,104813,0,19633031397.6104,1334515.0,High Income
Estonia,EST,2010,31,5,0,100983,0,19523477325.6235,1331475.0,High Income
Estonia,EST,2011,34,5,0,97749,0,23213994093.4631,1327439.0,High Income
Estonia,EST,2012,48,0,0,94235,0,23019150071.1867,1322696.0,High Income
Estonia,EST,2013,52,15,0,91281,0,25115753366.1114,1317997.0,High Income
Estonia,EST,2014,82,84,0,88076,0,26634083965.0987,1314545.0,High Income
Estonia,EST,2015,158,73,0,85301,0,22890762090.1508,1315407.0,High Income
Estonia,EST,2016,312,43,0,82585,0,24072829276.7744,1315790.0,High Income
Estonia,EST,2017,405,36,0,80314,0,26924385103.0659,1317384.0,High Income
Estonia,EST,2018,319,30,0,77877,0,30624720196.229,1321977.0,High Income
Estonia,EST,2019,331,33,0,75599,0,31081901909.2156,1326898.0,High Income
Estonia,EST,2020,277,5,0,73214,0,31370395572.7658,1329522.0,High Income
Estonia,EST,2021,321,15,0,70594,0,37191166151.98,1330932.0,High Income
Finland,FIN,2000,13151,0,0,0,0,126019543413.334,5176209.0,High Income
Finland,FIN,2001,12589,0,0,0,0,129533107311.811,5188008.0,High Income
Finland,FIN,2002,9239,0,0,0,0,140404460203.138,5200598.0,High Income
Finland,FIN,2003,8194,0,0,0,0,171652458349.411,5213014.0,High Income
Finland,FIN,2004,9367,0,0,0,0,197479443979.151,5228172.0,High Income
Finland,FIN,2005,10405,0,0,726,0,204885494686.381,5246096.0,High Income
Finland,FIN,2006,11246,1096,0,68,0,217089269791.764,5266268.0,High Income
Finland,FIN,2007,6137,707,0,68,0,256378067752.158,5288720.0,High Income
Finland,FIN,2008,6548,2708,0,1397,0,285716311136.719,5313399.0,High Income
Finland,FIN,2009,7383,3736,0,2407,0,253497520828.515,5338871.0,High Income
Finland,FIN,2010,8641,2040,0,3125,0,249424310816.667,5363352.0,High Income
Finland,FIN,2011,9083,2227,0,3614,0,275604356167.316,5388272.0,High Income
Finland,FIN,2012,9815,1829,0,2017,0,258290060227.734,5413971.0,High Income
Finland,FIN,2013,11128,1474,0,2122,0,271362405890.589,5438972.0,High Income
Finland,FIN,2014,11654,1696,0,2293,0,274862826772.156,5461512.0,High Income
Finland,FIN,2015,12562,24165,0,2427,0,234534382384.766,5479531.0,High Income
Finland,FIN,2016,18250,5468,0,2671,0,240771351298.833,5495303.0,High Income
Finland,FIN,2017,20629,3073,0,2749,0,255647979916.471,5508214.0,High Income
Finland,FIN,2018,22128,3206,0,2759,0,275708001767.843,5515525.0,High Income
Finland,FIN,2019,23311,8144,0,3268,0,268514916972.549,5521606.0,High Income
Finland,FIN,2020,23295,6207,0,3428,0,271891788362.647,5529543.0,High Income
Finland,FIN,2021,23941,2360,0,3556,0,297301883523.251,5541017.0,High Income
France,FRA,2000,98970,0,0,0,0,1365639660792.16,60921384.0,High Income
France,FRA,2001,99234,0,0,0,0,1377657339291.34,61367388.0,High Income
France,FRA,2002,102182,0,0,0,0,1501409382971.38,61816234.0,High Income
France,FRA,2003,100755,0,0,0,0,1844544792036.86,62256970.0,High Income
France,FRA,2004,109762,0,0,708,0,2119633181634.37,62716306.0,High Income
France,FRA,2005,118144,0,0,835,0,2196945232435.8,63188395.0,High Income
France,FRA,2006,123386,0,0,904,0,2320536221304.7,63628261.0,High Income
France,FRA,2007,129853,0,0,948,0,2660591246211.77,64021737.0,High Income
France,FRA,2008,138032,0,0,1006,0,2930303780828.12,64379696.0,High Income
France,FRA,2009,151170,0,0,1078,0,2700887366932.03,64710879.0,High Income
France,FRA,2010,158457,0,0,1131,0,2645187882116.67,65030575.0,High Income
France,FRA,2011,167548,0,0,1180,0,2865157541994.17,65345233.0,High Income
France,FRA,2012,175576,16412,0,1210,0,2683671716967.19,65662240.0,High Income
France,FRA,2013,184811,51682,0,1247,0,2811876903329.03,66002289.0,High Income
France,FRA,2014,192248,55820,0,1288,0,2855964488590.19,66312067.0,High Income
France,FRA,2015,204674,62958,0,1326,0,2439188643162.5,66548272.0,High Income
France,FRA,2016,226866,61267,0,1370,0,2472964344587.17,66724104.0,High Income
France,FRA,2017,250777,61249,0,1425,0,2595151045197.65,66918020.0,High Income
France,FRA,2018,277079,87613,0,1493,0,2790956878746.66,67158348.0,High Income
France,FRA,2019,306847,100644,0,1980,0,2728870246705.88,67388001.0,High Income
France,FRA,2020,335155,117093,0,2068,1606,2639008701648.26,67571107.0,High Income
France,FRA,2021,492938,74191,0,3560,1716,2957879759263.52,67749632.0,High Income
Germany,DEU,2000,30000,69774,0,0,0,1947981991011.77,82211508.0,High Income
Germany,DEU,2001,24000,84295,0,0,0,1945790973803.15,82349925.0,High Income
Germany,DEU,2002,885057,48601,0,0,0,2078484517474.51,82488495.0,High Income
Germany,DEU,2003,855862,24495,0,0,0,2501640388482.35,82534176.0,High Income
Germany,DEU,2004,765757,13941,0,10619,0,2814353869359.08,82516260.0,High Income
Germany,DEU,2005,685908,68872,0,9476,0,2846864211175.1,82469422.0,High Income
Germany,DEU,2006,532482,50927,0,10013,0,2994703642023.53,82376451.0,High Income
Germany,DEU,2007,558176,32763,0,9091,0,3425578382921.58,82266372.0,High Income
Germany,DEU,2008,569607,32109,0,9322,20895,3745264093617.19,82110097.0,High Income
Germany,DEU,2009,579340,37493,0,8226,17675,3411261212652.34,81902307.0,High Income
Germany,DEU,2010,579818,50354,0,7920,16282,3399667820000.01,81776930.0,High Income
Germany,DEU,2011,558738,60957,0,8044,16409,3749314991050.59,80274983.0,High Income
Germany,DEU,2012,576397,83947,0,5683,0,3527143188785.16,80425823.0,High Income
Germany,DEU,2013,183022,132534,0,11709,0,3733804649549.03,80645605.0,High Income
Germany,DEU,2014,212430,221136,0,11917,0,3889093051023.52,80982500.0,High Income
Germany,DEU,2015,307009,405522,0,12569,0,3357585719351.56,81686611.0,High Income
Germany,DEU,2016,648558,569189,0,12017,0,3469853463945.53,82348669.0,High Income
Germany,DEU,2017,942079,417651,0,13458,0,3690849152517.65,82657002.0,High Income
Germany,DEU,2018,1032632,359975,0,14779,0,3974443355019.6,82905782.0,High Income
Germany,DEU,2019,1112285,301852,0,26369,0,3888226035921.56,83092962.0,High Income
Germany,DEU,2020,1175311,236905,0,26675,0,3889668895299.62,83160871.0,High Income
Germany,DEU,2021,1217992,247090,0,27939,0,4259934911821.64,83196078.0,High Income
Greece,GRC,2000,3653,2372,0,0,0,130457756628.436,10805808.0,High Income
Greece,GRC,2001,6927,6244,0,0,0,136309295225.34,10862132.0,High Income
Greece,GRC,2002,2628,1801,0,0,0,154564203586.954,10902022.0,High Income
Greece,GRC,2003,2612,5226,0,0,0,202370140236.265,10928070.0,High Income
Greece,GRC,2004,2467,5209,0,0,3000,240963562236.127,10955141.0,High Income
Greece,GRC,2005,2367,3708,0,0,3000,247875422204.414,10987314.0,High Income
Greece,GRC,2006,2264,3238,0,108,3000,273546728473.073,11020362.0,High Income
Greece,GRC,2007,2199,7549,0,108,0,318902829550.733,11048473.0,High Income
Greece,GRC,2008,2136,5184,0,258,0,355908689477.445,11077841.0,High Income
Greece,GRC,2009,1601,0,0,260,0,331308500253.274,11107017.0,High Income
Greece,GRC,2010,1344,46825,0,260,0,297124961971.501,11121341.0,High Income
Greece,GRC,2011,1454,0,0,205,0,282995942006.557,11104899.0,High Income
Greece,GRC,2012,1974,0,0,154,0,242029307133.408,11045011.0,High Income
Greece,GRC,2013,3336,49695,0,178,8000,238907690051.13,10965211.0,High Income
Greece,GRC,2014,10156,4886,0,199,0,235458133124.608,10892413.0,High Income
Greece,GRC,2015,23292,5502,0,198,0,195683527003.375,10820883.0,High Income
Greece,GRC,2016,39345,34194,0,198,0,193148146586.933,10775971.0,High Income
Greece,GRC,2017,30784,43705,0,198,0,199844406013.531,10754679.0,High Income
Greece,GRC,2018,53241,72492,0,198,0,212049447242.111,10732882.0,High Income
Greece,GRC,2019,69391,87442,0,5607,0,205257014892.502,10721582.0,High Income
Greece,GRC,2020,92038,60868,0,5557,4705,188925995936.807,10698599.0,High Income
Greece,GRC,2021,108600,37047,0,4488,3653,214873879833.648,10641221.0,High Income
Hungary,HUN,2000,5044,1627,0,0,0,47218405892.4258,10210971.0,Middle Income
Hungary,HUN,2001,4694,2387,0,0,0,53749989092.0197,10187576.0,Middle Income
Hungary,HUN,2002,6069,1049,0,0,0,67608919144.3684,10158608.0,Middle Income
Hungary,HUN,2003,7003,744,0,0,0,85285062818.0077,10129552.0,Middle Income
Hungary,HUN,2004,7469,335,0,0,0,104120820258.669,10107146.0,Middle Income
Hungary,HUN,2005,7923,314,0,49,0,113211158292.936,10087065.0,Middle Income
Hungary,HUN,2006,7941,508,0,53,0,115715618613.052,10071370.0,Middle Income
Hungary,HUN,2007,7971,1554,0,241,0,140186716681.425,10055780.0,High Income
Hungary,HUN,2008,7581,2508,0,241,0,158325614580.628,10038188.0,High Income
Hungary,HUN,2009,5885,636,0,49,0,131069255620.567,10022650.0,High Income
Hungary,HUN,2010,5230,349,0,62,0,132175349953.713,10000023.0,High Income
Hungary,HUN,2011,4897,0,0,89,0,141942264554.475,9971727.0,High Income
Hungary,HUN,2012,3819,0,0,111,0,128814279315.132,9920362.0,Middle Income
Hungary,HUN,2013,2294,1839,0,113,0,135684315697.713,9893082.0,High Income
Hungary,HUN,2014,2689,15378,0,124,0,141033843265.669,9866468.0,High Income
Hungary,HUN,2015,3518,36355,0,132,0,125174166987.372,9843028.0,Middle Income
Hungary,HUN,2016,3839,3387,0,135,0,128609822750.039,9814023.0,High Income
Hungary,HUN,2017,4746,657,0,139,0,143112196040.326,9787966.0,High Income
Hungary,HUN,2018,5077,120,0,144,0,160564628963.713,9775564.0,High Income
Hungary,HUN,2019,4833,222,0,147,0,163988594921.902,9771141.0,High Income
Hungary,HUN,2020,4897,38,0,145,0,157182045260.23,9750149.0,High Income
Hungary,HUN,2021,4742,5,0,135,0,181848022233.89,9709891.0,High Income
Iceland,ISL,2000,235,5,0,0,0,9025660361.75842,281205.0,High Income
Iceland,ISL,2001,204,15,0,0,0,8234846804.60582,284968.0,High Income
Iceland,ISL,2002,197,13,0,0,0,9318395054.85934,287523.0,High Income
Iceland,ISL,2003,226,0,0,0,0,11429333037.8443,289521.0,High Income
Iceland,ISL,2004,226,5,0,0,0,13825302535.7699,292074.0,High Income
Iceland,ISL,2005,254,10,0,53,0,16852963067.0496,296734.0,High Income
Iceland,ISL,2006,254,11,0,0,0,17465318552.2941,303782.0,High Income
Iceland,ISL,2007,41,12,0,0,0,21652505596.7528,311566.0,High Income
Iceland,ISL,2008,39,25,0,116,0,18074622987.0185,317414.0,High Income
Iceland,ISL,2009,58,5,0,133,0,13154414219.207,318499.0,High Income
Iceland,ISL,2010,72,25,0,113,0,13751161917.7398,318041.0,High Income
Iceland,ISL,2011,55,56,0,106,0,15221622925.9319,319014.0,High Income
Iceland,ISL,2012,55,87,0,119,0,14751508133.5443,320716.0,High Income
Iceland,ISL,2013,72,247,0,119,0,16125060515.3117,323764.0,High Income
Iceland,ISL,2014,93,185,0,119,0,17867662177.8911,327386.0,High Income
Iceland,ISL,2015,170,159,0,131,0,17517210519.0912,330815.0,High Income
Iceland,ISL,2016,233,324,0,131,0,20793168030.9524,335439.0,High Income
Iceland,ISL,2017,349,327,0,85,0,24728285177.4603,343400.0,High Income
Iceland,ISL,2018,537,437,0,69,0,26264127686.6137,352721.0,High Income
Iceland,ISL,2019,882,365,0,58,0,24826102119.6357,360563.0,High Income
Iceland,ISL,2020,1448,181,0,65,0,21694674809.9321,366463.0,High Income
Iceland,ISL,2021,1818,306,0,68,0,25602419210.3374,372520.0,High Income
Ireland,IRL,2000,1270,0,0,0,0,100207610429.909,3805174.0,High Income
Ireland,IRL,2001,2325,0,0,0,0,109346669229.695,3866243.0,High Income
Ireland,IRL,2002,4066,0,0,0,0,128596035288.401,3931947.0,High Income
Ireland,IRL,2003,4675,7366,0,0,0,164670771259.602,3996521.0,High Income
Ireland,IRL,2004,5385,3662,0,0,0,194372115041.065,4070262.0,High Income
Ireland,IRL,2005,6619,0,0,0,0,211876989655.907,4159914.0,High Income
Ireland,IRL,2006,7462,3406,0,0,0,232180617162.279,4273591.0,High Income
Ireland,IRL,2007,8816,4364,0,0,0,270079279419.5,4398942.0,High Income
Ireland,IRL,2008,9279,4583,0,0,0,275447471451.063,4489544.0,High Income
Ireland,IRL,2009,9126,2725,0,0,0,236443115853.695,4535375.0,High Income
Ireland,IRL,2010,9059,5088,0,0,0,221913560882.367,4560155.0,High Income
Ireland,IRL,2011,8194,4541,0,0,0,239003132208.133,4580084.0,High Income
Ireland,IRL,2012,6309,4584,0,73,0,225628699652.993,4599533.0,High Income
Ireland,IRL,2013,5991,4450,0,73,0,238340859896.937,4623816.0,High Income
Ireland,IRL,2014,5832,3651,0,99,0,259170903647.536,4657740.0,High Income
Ireland,IRL,2015,6108,4667,0,99,0,291775166506.891,4701957.0,High Income
Ireland,IRL,2016,5720,3945,0,99,0,299091127524.505,4755335.0,High Income
Ireland,IRL,2017,6394,5668,0,99,0,336377500160.546,4807388.0,High Income
Ireland,IRL,2018,6012,7013,0,99,0,385736680797.118,4867316.0,High Income
Ireland,IRL,2019,7795,7319,0,106,0,399321701632.431,4934340.0,High Income
Ireland,IRL,2020,9035,6782,0,106,99,425852281928.121,4985382.0,High Income
Ireland,IRL,2021,9571,6525,0,7,0,504182603275.542,5033165.0,High Income
Italy,ITA,2000,6228,0,0,0,0,1146676894209.73,56942108.0,High Income
Italy,ITA,2001,7846,0,0,0,0,1168023426056.38,56974100.0,High Income
Italy,ITA,2002,9260,0,0,0,0,1276769338449.3,57059007.0,High Income
Italy,ITA,2003,9809,0,0,0,0,1577621707050.51,57313203.0,High Income
Italy,ITA,2004,12665,0,0,886,0,1806542968545.56,57685327.0,High Income
Italy,ITA,2005,17571,0,0,886,0,1858217147203.73,57969484.0,High Income
Italy,ITA,2006,23480,0,0,886,0,1949551719389.64,58143979.0,High Income
Italy,ITA,2007,34671,0,0,886,0,2213102482751.46,58438310.0,High Income
Italy,ITA,2008,43617,0,0,722,0,2408655348718.59,58826731.0,High Income
Italy,ITA,2009,51466,0,0,793,0,2199928804118.63,59095365.0,High Income
Italy,ITA,2010,53344,3983,0,854,0,2136099955236.67,59277417.0,High Income
Italy,ITA,2011,55108,0,0,1176,0,2294994296589.5,59379449.0,High Income
Italy,ITA,2012,61893,14155,0,470,0,2086957656821.6,59539717.0,High Income
Italy,ITA,2013,75391,13478,0,350,0,2141924094298.56,60233948.0,High Income
Italy,ITA,2014,92730,45235,0,813,0,2162009615996.54,60789140.0,High Income
Italy,ITA,2015,116824,59125,0,747,0,1836637711060.55,60730582.0,High Income
Italy,ITA,2016,146111,99676,0,701,0,1877071687633.78,60627498.0,High Income
Italy,ITA,2017,165977,186645,0,715,0,1961796197354.36,60536709.0,High Income
Italy,ITA,2018,187790,105606,0,732,0,2091932426266.98,60421760.0,High Income
Italy,ITA,2019,205972,46645,0,15839,0,2011302198827.45,59729081.0,High Income
Italy,ITA,2020,125742,53458,0,3000,0,1896755301518.14,59438851.0,High Income
Italy,ITA,2021,142345,51205,0,3000,0,2107702842669.73,59109668.0,High Income
Latvia,LVA,2000,5,0,0,0,0,7958852838.93395,2367550.0,Middle Income
Latvia,LVA,2001,5,0,0,0,0,8362398701.58943,2337170.0,Middle Income
Latvia,LVA,2002,5,8,0,0,0,9557031605.27512,2310173.0,Middle Income
Latvia,LVA,2003,16,0,0,0,0,11771975156.8073,2287955.0,Middle Income
Latvia,LVA,2004,10,0,0,452176,0,14435700533.368,2263122.0,Middle Income
Latvia,LVA,2005,10,7,0,418638,0,17003459863.0989,2238799.0,Middle Income
Latvia,LVA,2006,22,0,0,393012,0,21570076498.6205,2218357.0,Middle Income
Latvia,LVA,2007,27,11,0,372622,0,31054350977.9784,2200325.0,High Income
Latvia,LVA,2008,27,33,0,365417,0,35854274228.9139,2177322.0,High Income
Latvia,LVA,2009,40,54,0,344263,0,26410909090.9091,2141669.0,High Income
Latvia,LVA,2010,60,43,0,326906,0,23956163076.5575,2097555.0,Middle Income
Latvia,LVA,2011,88,216,0,312362,0,27474380566.265,2059709.0,High Income
Latvia,LVA,2012,113,171,0,280759,0,28169902669.3784,2034319.0,High Income
Latvia,LVA,2013,149,183,0,267789,0,30204783461.8488,2012647.0,High Income
Latvia,LVA,2014,168,235,0,262802,0,31386896487.0407,1993782.0,High Income
Latvia,LVA,2015,193,182,0,252195,0,27263090547.0617,1977527.0,High Income
Latvia,LVA,2016,340,151,0,242736,0,28083597512.4841,1959537.0,High Income
Latvia,LVA,2017,653,54,0,233571,0,30483806017.8318,1942248.0,High Income
Latvia,LVA,2018,664,45,0,224844,0,34429023435.0211,1927174.0,High Income
Latvia,LVA,2019,665,41,0,216851,0,34343961072.8235,1913822.0,High Income
Latvia,LVA,2020,637,73,0,209167,0,34601740323.3386,1900449.0,High Income
Latvia,LVA,2021,705,209,0,195354,0,39853501579.8211,1884490.0,High Income
Liechtenstein,LIE,2000,70,0,0,0,0,2483953102.79488,33026.0,High Income
Liechtenstein,LIE,2001,140,184,0,0,0,2491822706.80256,33376.0,High Income
Liechtenstein,LIE,2002,126,126,0,0,0,2688630822.53304,33693.0,High Income
Liechtenstein,LIE,2003,147,85,0,0,0,3070691319.52179,34000.0,High Income
Liechtenstein,LIE,2004,147,61,0,0,0,3454362685.96703,34300.0,High Income
Liechtenstein,LIE,2005,148,58,0,0,0,3659251525.8593,34603.0,High Income
Liechtenstein,LIE,2006,266,24,0,0,0,4000239272.61126,34889.0,High Income
Liechtenstein,LIE,2007,270,10,0,0,0,4601299566.81106,35150.0,High Income
Liechtenstein,LIE,2008,76,10,0,0,0,5081432924.0144,35401.0,High Income
Liechtenstein,LIE,2009,78,48,0,6,0,4504549214.22663,35675.0,High Income
Liechtenstein,LIE,2010,78,35,0,6,0,5082366478.08994,35926.0,High Income
Liechtenstein,LIE,2011,88,48,0,0,0,5739977477.47748,36189.0,High Income
Liechtenstein,LIE,2012,103,17,0,5,0,5456009384.66461,36505.0,High Income
Liechtenstein,LIE,2013,96,20,0,0,0,6391735893.83968,36806.0,High Income
Liechtenstein,LIE,2014,102,66,0,0,0,6657170923.37918,37096.0,High Income
Liechtenstein,LIE,2015,146,87,0,0,0,6268391521.19701,37355.0,High Income
Liechtenstein,LIE,2016,161,78,0,0,0,6237264055.20601,37609.0,High Income
Liechtenstein,LIE,2017,164,79,0,0,0,6474256118.61481,37889.0,High Income
Liechtenstein,LIE,2018,166,70,0,0,0,6692504346.04765,38181.0,High Income
Liechtenstein,LIE,2019,125,29,0,0,0,6427248943.44939,38482.0,High Income
Liechtenstein,LIE,2020,129,20,0,0,0,6113951011.71459,38756.0,High Income
Liechtenstein,LIE,2021,133,22,0,0,0,,39039.0,High Income
Lithuania,LTU,2000,48,56,0,0,50,11524776866.6379,3499536.0,Middle Income
Lithuania,LTU,2001,283,84,0,0,0,12237388001.7264,3470818.0,Middle Income
Lithuania,LTU,2002,363,212,0,0,32,14259781159.0119,3443067.0,Middle Income
Lithuania,LTU,2003,399,90,0,0,0,18781721376.1985,3415213.0,Middle Income
Lithuania,LTU,2004,469,22,0,9028,0,22627507451.5648,3377075.0,Middle Income
Lithuania,LTU,2005,527,51,0,8708,0,26097677571.8373,3322528.0,Middle Income
Lithuania,LTU,2006,527,40,0,7215,0,30183575103.5262,3269909.0,Middle Income
Lithuania,LTU,2007,688,25,0,5900,0,39697891351.9431,3231294.0,Middle Income
Lithuania,LTU,2008,749,93,0,5900,0,47797551587.8823,3198231.0,High Income
Lithuania,LTU,2009,790,69,0,3902,0,37388122046.1496,3162916.0,Middle Income
Lithuania,LTU,2010,808,67,0,3674,0,37128694028.243,3097282.0,Middle Income
Lithuania,LTU,2011,824,73,0,3480,0,43535051482.3869,3028115.0,High Income
Lithuania,LTU,2012,871,70,0,4130,0,42927454291.478,2987773.0,High Income
Lithuania,LTU,2013,918,74,0,3892,0,46523420074.4372,2957689.0,High Income
Lithuania,LTU,2014,1007,139,0,3645,0,48533659592.1728,2932367.0,High Income
Lithuania,LTU,2015,1094,75,0,3466,0,41435533340.3883,2904910.0,High Income
Lithuania,LTU,2016,1284,147,0,3466,0,43047309305.7363,2868231.0,High Income
Lithuania,LTU,2017,1577,249,0,3193,0,47758736931.7801,2828403.0,High Income
Lithuania,LTU,2018,1731,273,0,3039,0,53751411409.4447,2801543.0,High Income
Lithuania,LTU,2019,1822,408,0,2940,0,54751510087.7803,2794137.0,High Income
Lithuania,LTU,2020,1880,122,0,2720,0,56846622904.4391,2794885.0,High Income
Lithuania,LTU,2021,1880,122,0,2720,0,66445256585.3671,2800839.0,High Income
Luxembourg,LUX,2013,896,942,0,177,0,65203276466.9763,543360.0,High Income
Luxembourg,LUX,2014,1086,1226,0,81,0,68804811897.6445,556319.0,High Income
Luxembourg,LUX,2015,1306,2349,0,82,0,60071584216.1375,569604.0,High Income
Luxembourg,LUX,2016,2020,2186,0,83,0,62216885435.9488,582014.0,High Income
Luxembourg,LUX,2017,2020,1485,0,83,0,65712180342.9836,596336.0,High Income
Luxembourg,LUX,2018,2020,1465,0,83,0,71000359760.4611,607950.0,High Income
Luxembourg,LUX,2019,2533,1765,0,133,0,69825641851.0117,620001.0,High Income
Luxembourg,LUX,2020,5158,1400,0,194,80,73992591285.3029,630419.0,High Income
Luxembourg,LUX,2021,6001,1735,0,196,80,85506243833.7816,640064.0,High Income
Malta,MLT,2000,191,10,0,0,0,4323339212.2281,390087.0,Middle Income
Malta,MLT,2001,175,53,0,0,0,4355146427.54937,393028.0,Middle Income
Malta,MLT,2002,311,7,0,0,0,4693495693.49569,395969.0,Middle Income
Malta,MLT,2003,566,10,0,0,0,5489359280.75566,398582.0,High Income
Malta,MLT,2004,949,140,0,0,0,6116591928.25112,401268.0,High Income
Malta,MLT,2005,1330,147,0,0,0,6407287650.7897,403834.0,High Income
Malta,MLT,2006,1795,205,0,0,0,6778321415.12985,405308.0,High Income
Malta,MLT,2007,2391,612,0,0,0,7925403777.71694,406724.0,High Income
Malta,MLT,2008,3720,496,0,0,0,9090376446.46258,409379.0,High Income
Malta,MLT,2009,5342,1824,0,0,0,8696304529.03584,412477.0,High Income
Malta,MLT,2010,5534,1282,0,0,0,9035927349.8608,414508.0,High Income
Malta,MLT,2011,6335,1448,0,0,0,9638919821.82628,416268.0,High Income
Malta,MLT,2012,7629,754,0,0,0,9462289605.55056,420028.0,High Income
Malta,MLT,2013,9285,900,0,0,0,10551600478.1511,425967.0,High Income
Malta,MLT,2014,5480,176,0,0,0,11626278729.9057,434558.0,High Income
Malta,MLT,2015,6453,574,0,0,0,11091423499.3898,445053.0,High Income
Malta,MLT,2016,7326,868,0,0,0,11668253265.4417,455356.0,High Income
Malta,MLT,2017,7379,1349,0,11,0,13489380930.8631,467999.0,High Income
Malta,MLT,2018,7964,1860,0,11,0,15298771846.9532,484630.0,High Income
Malta,MLT,2019,8282,3681,0,11,0,15725847979.4022,504062.0,High Income
Malta,MLT,2020,8542,4047,0,11,0,14933066818.9606,515332.0,High Income
Malta,MLT,2021,8709,3674,0,11,0,17364044943.8202,518536.0,High Income
Monaco,MCO,2021,17,0,0,0,0,8596096984.03312,36686.0,High Income
Montenegro,MNE,2006,6926,11,16196,0,0,2721903148.91482,615025.0,Middle Income
Montenegro,MNE,2007,8527,0,16155,0,0,3680711743.77224,615875.0,Middle Income
Montenegro,MNE,2008,24739,0,0,1500,0,4545674527.61096,616969.0,Middle Income
Montenegro,MNE,2009,24017,7,0,1500,0,4159330369.5471,618294.0,Middle Income
Montenegro,MNE,2010,16363,5,0,1300,373,4143033275.88493,619428.0,Middle Income
Montenegro,MNE,2011,12871,34,0,4312,3937,4544516982.18263,620079.0,Middle Income
Montenegro,MNE,2012,11193,108,0,3383,5404,4087725812.66864,620601.0,Middle Income
Montenegro,MNE,2013,8471,189,0,3341,8089,4466039314.65002,621207.0,Middle Income
Montenegro,MNE,2014,6455,70,0,3296,0,4594024179.62003,621810.0,Middle Income
Montenegro,MNE,2015,1762,18,0,3262,0,4054712082.54743,622159.0,Middle Income
Montenegro,MNE,2016,970,73,0,3237,0,4377033429.26721,622303.0,Middle Income
Montenegro,MNE,2017,794,173,0,145,0,4856632399.45775,622373.0,Middle Income
Montenegro,MNE,2018,727,162,0,145,0,5506766650.92111,622227.0,Middle Income
Montenegro,MNE,2019,653,484,0,142,0,5542053845.29274,622028.0,Middle Income
Montenegro,MNE,2020,166,193,0,472,1094,4769860740.74074,621306.0,Middle Income
Montenegro,MNE,2021,175,132,0,502,185,5861268038.7982,619211.0,Middle Income
Netherlands,NLD,2000,141565,83899,0,0,0,417479337444.707,15925513.0,High Income
Netherlands,NLD,2001,148015,77913,0,0,0,431586852369.686,16046180.0,High Income
Netherlands,NLD,2002,144600,57529,0,0,0,473861980070.981,16148929.0,High Income
Netherlands,NLD,2003,137780,41235,0,0,0,580070360701.96,16225302.0,High Income
Netherlands,NLD,2004,125371,26390,0,0,0,658380081545.175,16281779.0,High Income
Netherlands,NLD,2005,115997,13762,0,6500,0,685348181515.953,16319868.0,High Income
Netherlands,NLD,2006,98037,12335,0,4461,0,733955269898.823,16346101.0,High Income
Netherlands,NLD,2007,83848,0,0,4461,0,848558887541.179,16381696.0,High Income
Netherlands,NLD,2008,74763,0,0,4591,0,951869997864.062,16445593.0,High Income
Netherlands,NLD,2009,72915,15870,0,5034,0,871518638049.218,16530388.0,High Income
Netherlands,NLD,2010,71650,12569,0,2061,0,847380859016.668,16615394.0,High Income
Netherlands,NLD,2011,70922,10011,0,2005,0,905270626332.687,16693074.0,High Income
Netherlands,NLD,2012,68228,10011,0,2005,0,838923319919.531,16754962.0,High Income
Netherlands,NLD,2013,71142,0,0,1951,0,877172824534.512,16804432.0,High Income
Netherlands,NLD,2014,79144,6742,0,1951,0,892167986713.722,16865008.0,High Income
Netherlands,NLD,2015,85906,27672,0,1951,0,765572770634.375,16939923.0,High Income
Netherlands,NLD,2016,99270,10113,0,1951,0,784060430240.08,17030314.0,High Income
Netherlands,NLD,2017,100993,5104,0,1951,0,833869641687.06,17131296.0,High Income
Netherlands,NLD,2018,98612,11327,0,1951,0,914043438179.607,17231624.0,High Income
Netherlands,NLD,2019,91570,14927,0,1951,0,910194347568.626,17344874.0,High Income
Netherlands,NLD,2020,92953,11378,0,4407,0,909793466661.481,17441500.0,High Income
Netherlands,NLD,2021,96764,16514,0,4527,0,1012846760976.73,17533044.0,High Income
North Macedonia,MKD,2000,9048,0,0,0,0,3772857145.0248,2026350.0,Middle Income
North Macedonia,MKD,2001,4362,53,16371,0,0,3709637829.94866,2034882.0,Middle Income
North Macedonia,MKD,2002,2815,62,9442,0,2130,4018365247.44444,2020157.0,Middle Income
North Macedonia,MKD,2003,191,2285,0,0,0,4946292774.79046,2026773.0,Middle Income
North Macedonia,MKD,2004,1003,1232,0,5761,0,5682788267.12865,2032544.0,Middle Income
North Macedonia,MKD,2005,1273,724,0,2200,0,6258600713.82627,2036855.0,Middle Income
North Macedonia,MKD,2006,1239,205,0,762,479,6861222331.96317,2040228.0,Middle Income
North Macedonia,MKD,2007,1234,166,0,537,454,8336478142.08872,2043559.0,Middle Income
North Macedonia,MKD,2008,1671,95,0,1051,0,9909548410.82744,2046898.0,Middle Income
North Macedonia,MKD,2009,1541,68,0,1911,0,9401731495.71661,2050671.0,Middle Income
North Macedonia,MKD,2010,1397,149,0,1573,0,9407168702.4313,2055004.0,Middle Income
North Macedonia,MKD,2011,1129,384,0,1154,0,10494632699.3859,2058539.0,Middle Income
North Macedonia,MKD,2012,1076,518,0,905,0,9745251126.0109,2061044.0,Middle Income
North Macedonia,MKD,2013,980,1091,0,819,0,10817712138.9451,2064032.0,Middle Income
North Macedonia,MKD,2014,880,1547,0,741,0,11362272837.8818,2067471.0,Middle Income
North Macedonia,MKD,2015,697,15,0,667,0,10064515432.0265,2070226.0,Middle Income
North Macedonia,MKD,2016,634,15,0,600,0,10672471860.7184,2072490.0,Middle Income
North Macedonia,MKD,2017,414,26,0,590,0,11307058382.3435,2074502.0,Middle Income
North Macedonia,MKD,2018,413,5,0,571,0,12683070061.4695,2076217.0,Middle Income
North Macedonia,MKD,2019,354,75,0,567,0,12606338448.547,2076694.0,Middle Income
North Macedonia,MKD,2020,303,21,0,558,0,12363580534.6811,2072531.0,Middle Income
North Macedonia,MKD,2021,292,25,116,554,25,13825049831.7959,2065092.0,Middle Income
Norway,NOR,2000,47152,0,0,0,0,171247131268.604,4490967.0,High Income
Norway,NOR,2001,49566,0,0,0,0,173972218824.027,4513751.0,High Income
Norway,NOR,2002,50069,0,0,0,0,195524186477.617,4538159.0,High Income
Norway,NOR,2003,39073,0,0,0,0,228858506821.841,4564855.0,High Income
Norway,NOR,2004,41310,0,0,923,0,264511630666.983,4591910.0,High Income
Norway,NOR,2005,41619,0,0,941,0,308884284051.222,4623291.0,High Income
Norway,NOR,2006,42757,7769,0,672,0,345581369965.54,4660677.0,High Income
Norway,NOR,2007,34190,6641,0,1457,0,400937100158.657,4709153.0,High Income
Norway,NOR,2008,36012,13536,0,1788,0,462250000000.0,4768212.0,High Income
Norway,NOR,2009,37742,16621,0,2860,0,386190385318.767,4828726.0,High Income
Norway,NOR,2010,40186,12443,0,3118,0,428757038466.841,4889252.0,High Income
Norway,NOR,2011,40612,11114,0,2773,0,498283438454.281,4953088.0,High Income
Norway,NOR,2012,42746,9317,0,2313,0,509506317146.541,5018573.0,High Income
Norway,NOR,2013,46029,6311,0,1975,0,522761531914.894,5079623.0,High Income
Norway,NOR,2014,46967,7148,0,1997,0,498410050251.256,5137232.0,High Income
Norway,NOR,2015,50326,25274,0,2561,0,385801550067.169,5188607.0,High Income
Norway,NOR,2016,59466,7500,0,3251,0,368827142857.143,5234519.0,High Income
Norway,NOR,2017,59184,2952,0,3282,0,398393955268.99,5276968.0,High Income
Norway,NOR,2018,57004,2246,0,2809,0,436999692591.454,5311916.0,High Income
Norway,NOR,2019,53882,1507,0,5019,0,404941363636.364,5347896.0,High Income
Norway,NOR,2020,49625,1083,0,4206,0,362198318435.26,5379475.0,High Income
Norway,NOR,2021,46014,1263,0,3944,0,482174854481.956,5408320.0,High Income
Poland,POL,2000,1006,0,0,0,0,172219461126.067,38258629.0,Middle Income
Poland,POL,2001,1290,0,0,0,0,190905493539.168,38248076.0,Middle Income
Poland,POL,2002,1581,2554,0,0,0,199072058823.529,38230364.0,Middle Income
Poland,POL,2003,1817,1512,0,0,0,217827260805.842,38204570.0,Middle Income
Poland,POL,2004,2491,3520,0,0,0,255110181539.808,38182222.0,Middle Income
Poland,POL,2005,4585,1620,0,74,0,306144336269.51,38165445.0,Middle Income
Poland,POL,2006,6786,1965,0,74,0,344622003093.581,38141267.0,Middle Income
Poland,POL,2007,10037,5937,0,74,0,429028505365.078,38120560.0,Middle Income
Poland,POL,2008,12761,4381,0,839,0,533609081852.897,38125759.0,High Income
Poland,POL,2009,15299,2397,0,865,0,439737508413.192,38151603.0,Middle Income
Poland,POL,2010,15537,2111,0,763,0,475696613935.595,38042794.0,Middle Income
Poland,POL,2011,15834,2873,0,763,0,524382678547.32,38063255.0,High Income
Poland,POL,2012,15897,2394,0,10825,0,495236910793.797,38063164.0,High Income
Poland,POL,2013,16428,2152,0,10825,0,515764728216.161,38040196.0,High Income
Poland,POL,2014,15730,2675,0,10825,0,539087652559.835,38011735.0,High Income
Poland,POL,2015,14057,3281,0,10825,0,477111287969.227,37986412.0,Middle Income
Poland,POL,2016,11738,3412,0,10825,0,470022572790.91,37970087.0,Middle Income
Poland,POL,2017,12225,2878,0,10825,0,524645833884.582,37974826.0,High Income
Poland,POL,2018,12495,3059,0,10825,0,588782567765.872,37974750.0,High Income
Poland,POL,2019,12658,4783,0,1328,0,596054591863.312,37965475.0,High Income
Poland,POL,2020,2771,3597,0,1390,0,599449188399.108,37899070.0,High Income
Poland,POL,2021,4875,3818,0,1387,0,679444832854.295,37747124.0,High Income
Portugal,PRT,2000,289,0,0,0,0,118605192877.388,10289898.0,Middle Income
Portugal,PRT,2001,329,0,0,0,0,121604107164.997,10362722.0,Middle Income
Portugal,PRT,2002,346,0,0,0,0,134795565549.419,10419631.0,High Income
Portugal,PRT,2003,317,0,0,0,0,165226175536.793,10458821.0,High Income
Portugal,PRT,2004,320,0,0,0,0,189382122532.169,10483861.0,High Income
Portugal,PRT,2005,290,0,0,0,0,197253876704.921,10503330.0,High Income
Portugal,PRT,2006,266,0,0,0,0,208756449275.848,10522288.0,High Income
Portugal,PRT,2007,290,0,0,0,0,240496147317.381,10542964.0,High Income
Portugal,PRT,2008,369,0,0,273,0,263416394624.084,10558177.0,High Income
Portugal,PRT,2009,359,10,0,31,0,244667762835.543,10568247.0,High Income
Portugal,PRT,2010,344,61,0,31,0,238113003233.284,10573100.0,High Income
Portugal,PRT,2011,375,212,0,31,0,245117990242.248,10557560.0,High Income
Portugal,PRT,2012,449,192,0,553,0,216224240577.957,10514844.0,High Income
Portugal,PRT,2013,572,198,0,553,0,226433858005.714,10457295.0,High Income
Portugal,PRT,2014,680,327,0,14,0,229901964221.884,10401062.0,High Income
Portugal,PRT,2015,851,571,0,14,0,199394066525.44,10358076.0,High Income
Portugal,PRT,2016,1189,850,0,14,0,206426152308.931,10325452.0,High Income
Portugal,PRT,2017,1619,45,0,14,0,221357874718.93,10300300.0,High Income
Portugal,PRT,2018,2130,85,0,14,0,242313116577.967,10283822.0,High Income
Portugal,PRT,2019,2375,1057,0,50,0,239986922638.902,10286263.0,High Income
Portugal,PRT,2020,2405,1146,0,45,14,229031860520.777,10297081.0,High Income
Portugal,PRT,2021,2651,2152,0,45,14,253663144586.019,10325147.0,High Income
Rep. of Moldova,MDA,2000,64,187,8080,0,0,1288429391.79951,2924668.0,Middle Income
Rep. of Moldova,MDA,2001,156,105,1000,0,0,1480673594.05602,2918135.0,Middle Income
Rep. of Moldova,MDA,2002,172,83,1000,0,0,1661818168.4226,2911385.0,Middle Income
Rep. of Moldova,MDA,2003,97,131,0,0,0,1980907434.76826,2903198.0,Middle Income
Rep. of Moldova,MDA,2004,51,184,0,0,0,2598249555.89984,2896023.0,Middle Income
Rep. of Moldova,MDA,2005,79,137,0,1530,0,2988348836.471,2888985.0,Middle Income
Rep. of Moldova,MDA,2006,157,60,0,1706,0,3408244549.19999,2880967.0,Middle Income
Rep. of Moldova,MDA,2007,140,63,0,1663,0,4401189466.14058,2874299.0,Middle Income
Rep. of Moldova,MDA,2008,135,18,0,1807,0,6054849884.52656,2868833.0,Middle Income
Rep. of Moldova,MDA,2009,131,45,0,2014,0,5439422031.39627,2865213.0,Middle Income
Rep. of Moldova,MDA,2010,132,74,0,2031,0,6974982392.67155,2862354.0,Middle Income
Rep. of Moldova,MDA,2011,131,42,0,2073,0,8414351671.95869,2860699.0,Middle Income
Rep. of Moldova,MDA,2012,176,53,0,1998,0,8709138764.75916,2860324.0,Middle Income
Rep. of Moldova,MDA,2013,237,62,0,2029,0,9496717702.44839,2859558.0,Middle Income
Rep. of Moldova,MDA,2014,323,130,0,2036,0,9510198961.57287,2857815.0,Middle Income
Rep. of Moldova,MDA,2015,434,94,0,5014,0,7745241912.94722,2835978.0,Middle Income
Rep. of Moldova,MDA,2016,419,75,0,4776,0,8071469355.2527,2803186.0,Middle Income
Rep. of Moldova,MDA,2017,391,61,0,4569,0,9669741744.22001,2755189.0,Middle Income
Rep. of Moldova,MDA,2018,409,93,0,4451,0,11457443185.0542,2707203.0,Middle Income
Rep. of Moldova,MDA,2019,417,94,0,3500,0,11971345002.7757,2664224.0,Middle Income
Rep. of Moldova,MDA,2020,405,59,0,3405,0,11859730543.5525,2635130.0,Middle Income
Rep. of Moldova,MDA,2021,349,56,0,3343,0,13679221333.2052,2615199.0,Middle Income
Romania,ROU,2000,1677,0,0,0,0,37253259016.9976,22442971.0,Middle Income
Romania,ROU,2001,1792,0,0,0,0,40394824679.1232,22131970.0,Middle Income
Romania,ROU,2002,1839,34,0,0,0,46066101951.2933,21730496.0,Middle Income
Romania,ROU,2003,1991,302,0,0,0,57806506024.0964,21574326.0,Middle Income
Romania,ROU,2004,1589,188,0,400,0,74972669056.5922,21451748.0,Middle Income
Romania,ROU,2005,2019,263,0,400,0,98452791982.7024,21319685.0,Middle Income
Romania,ROU,2006,1636,165,0,223,0,122022997508.01,21193760.0,Middle Income
Romania,ROU,2007,1741,158,0,257,0,174585202805.233,20882982.0,Middle Income
Romania,ROU,2008,1586,287,0,253,0,214313628965.024,20537875.0,Middle Income
Romania,ROU,2009,1065,391,0,306,0,174103695930.213,20367487.0,Middle Income
Romania,ROU,2010,1019,372,0,321,0,170029359010.667,20246871.0,Middle Income
Romania,ROU,2011,1003,751,0,275,0,192614085153.841,20147528.0,Middle Income
Romania,ROU,2012,1263,21,0,248,0,179132893143.417,20058035.0,Middle Income
Romania,ROU,2013,1747,121,0,297,0,189790228071.757,19983693.0,Middle Income
Romania,ROU,2014,2171,325,0,299,0,199712289501.971,19908979.0,Middle Income
Romania,ROU,2015,2581,408,0,240,0,177882417554.984,19815616.0,Middle Income
Romania,ROU,2016,2880,72,0,249,0,185286854552.621,19702267.0,Middle Income
Romania,ROU,2017,3911,1514,0,238,0,210146748920.419,19588715.0,Middle Income
Romania,ROU,2018,4134,1476,0,227,0,243317079358.636,19473970.0,Middle Income
Romania,ROU,2019,3860,916,0,290,0,251019278416.197,19371648.0,High Income
Romania,ROU,2020,3581,2242,0,275,183,251362040527.804,19265250.0,High Income
Romania,ROU,2021,4200,1504,0,316,181,284087563695.798,19119880.0,High Income
Russian Federation,RUS,2000,26246,675,490650,0,752558,259710142196.943,146596869.0,Middle Income
Russian Federation,RUS,2001,17951,719,443288,0,624272,306602070620.5,145976482.0,Middle Income
Russian Federation,RUS,2002,14924,600,371195,0,520609,345470494417.863,145306497.0,Middle Income
Russian Federation,RUS,2003,9862,270,368220,0,401689,430347770731.787,144648618.0,Middle Income
Russian Federation,RUS,2004,1792,300,334796,10755,292584,591016690742.798,144067316.0,Middle Income
Russian Federation,RUS,2005,1503,286,170544,71155,231878,764017107992.391,143518814.0,Middle Income
Russian Federation,RUS,2006,1404,293,158905,53982,231878,989930542278.695,143049637.0,Middle Income
Russian Federation,RUS,2007,1631,2927,189274,51296,0,1299705764823.62,142805114.0,Middle Income
Russian Federation,RUS,2008,3470,1744,91505,50000,0,1660846387624.78,142742366.0,Middle Income
Russian Federation,RUS,2009,4866,1651,79950,50000,0,1222644282201.86,142785349.0,Middle Income
Russian Federation,RUS,2010,4901,1432,75371,50000,0,1524917468442.01,142849468.0,Middle Income
Russian Federation,RUS,2011,3895,929,28450,178000,10246,2045925608274.37,142960908.0,High Income
Russian Federation,RUS,2012,3126,802,0,178000,9068,2208295773643.15,143201721.0,High Income
Russian Federation,RUS,2013,3417,1214,0,178000,7259,2292473246621.08,143506995.0,High Income
Russian Federation,RUS,2014,235727,3039,0,113474,0,2059241965490.83,143819667.0,High Income
Russian Federation,RUS,2015,314486,2042,0,101813,0,1363481063446.77,144096870.0,Middle Income
Russian Federation,RUS,2016,228976,3020,0,90771,0,1276786979221.81,144342397.0,Middle Income
Russian Federation,RUS,2017,126021,2156,0,82148,0,1574199387070.9,144496739.0,Middle Income
Russian Federation,RUS,2018,77382,1356,0,75679,0,1657329646183.62,144477859.0,Middle Income
Russian Federation,RUS,2019,42408,1440,0,68251,0,1693113904262.89,144406261.0,Middle Income
Russian Federation,RUS,2020,20260,808,0,60185,0,1489362488439.76,144073139.0,Middle Income
Russian Federation,RUS,2021,10896,519,0,54061,0,1778782625793.74,143449286.0,Middle Income
Serbia and Kosovo: S/RES/1244 (1999),SRB,2000,484390,8,267500,0,85000,6875845986.52121,7516346.0,Middle Income
Serbia and Kosovo: S/RES/1244 (1999),SRB,2001,400306,50,263600,0,85000,12960538723.7591,7503433.0,Middle Income
Serbia and Kosovo: S/RES/1244 (1999),SRB,2002,354400,30,261826,0,85000,17120906918.3503,7496522.0,Middle Income
Serbia and Kosovo: S/RES/1244 (1999),SRB,2003,291397,33,251833,0,85000,22482365321.7656,7480591.0,Middle Income
Serbia and Kosovo: S/RES/1244 (1999),SRB,2004,276677,38,248154,0,85000,26141968161.0924,7463157.0,Middle Income
Serbia and Kosovo: S/RES/1244 (1999),SRB,2005,148259,24,246391,0,85000,27683225959.2468,7440769.0,Middle Income
Serbia and Kosovo: S/RES/1244 (1999),SRB,2006,98995,0,227590,0,85000,32482070360.3204,7411569.0,Middle Income
Serbia and Kosovo: S/RES/1244 (1999),SRB,2007,97991,11,226350,0,0,43170990616.4729,7381579.0,Middle Income
Serbia and Kosovo: S/RES/1244 (1999),SRB,2008,96735,34,225879,17050,0,52194221468.5007,7350222.0,Middle Income
Serbia and Kosovo: S/RES/1244 (1999),SRB,2009,86348,25,224881,16700,386,45162894380.9318,7320807.0,Middle Income
Serbia and Kosovo: S/RES/1244 (1999),SRB,2010,73604,194,228442,8500,0,41819468691.8251,7291436.0,Middle Income
Serbia and Kosovo: S/RES/1244 (1999),SRB,2011,70702,392,228215,8500,519,49258136128.9672,7234099.0,Middle Income
Serbia and Kosovo: S/RES/1244 (1999),SRB,2012,66367,315,227821,8500,723,43309252921.0567,7199077.0,Middle Income
Serbia and Kosovo: S/RES/1244 (1999),SRB,2013,57079,380,227495,4195,777,48394239474.6762,7164132.0,Middle Income
Serbia and Kosovo: S/RES/1244 (1999),SRB,2014,43749,439,223139,3578,0,47062206677.6539,7130576.0,Middle Income
Serbia and Kosovo: S/RES/1244 (1999),SRB,2015,35326,108,220002,2700,0,39655958842.5478,7095383.0,Middle Income
Serbia and Kosovo: S/RES/1244 (1999),SRB,2016,35367,122,219633,2373,0,40692643373.0327,7058322.0,Middle Income
Serbia and Kosovo: S/RES/1244 (1999),SRB,2017,31019,136,217453,2155,0,44179055279.8887,7020858.0,Middle Income
Serbia and Kosovo: S/RES/1244 (1999),SRB,2018,30696,219,215794,2052,0,50640650221.4622,6982604.0,Middle Income
Serbia and Kosovo: S/RES/1244 (1999),SRB,2019,26427,269,214696,1951,4621,51514222381.8428,6945235.0,Middle Income
Serbia and Kosovo: S/RES/1244 (1999),SRB,2020,26085,297,213018,2144,5508,53356480453.8048,6899126.0,Middle Income
Serbia and Kosovo: S/RES/1244 (1999),SRB,2021,25644,218,211823,2669,3355,63082047649.8528,6834326.0,Middle Income
Slovakia,SVK,2000,444,379,0,0,0,29242558796.5507,5388720.0,Middle Income
Slovakia,SVK,2001,461,3119,0,0,0,30778781606.9575,5378867.0,Middle Income
Slovakia,SVK,2002,438,4492,0,0,0,35297794385.6863,5376912.0,Middle Income
Slovakia,SVK,2003,412,4629,0,0,0,46919965224.1497,5373374.0,Middle Income
Slovakia,SVK,2004,264,2900,0,7,0,57437444469.087,5372280.0,Middle Income
Slovakia,SVK,2005,286,2699,0,0,0,62808723476.719,5372807.0,Middle Income
Slovakia,SVK,2006,225,2735,0,0,0,70767338922.4411,5373054.0,High Income
Slovakia,SVK,2007,260,145,0,911,0,86563986799.2505,5374622.0,High Income
Slovakia,SVK,2008,301,0,0,911,0,100879902984.983,5379233.0,High Income
Slovakia,SVK,2009,387,0,0,911,0,89399303222.155,5386406.0,High Income
Slovakia,SVK,2010,451,0,0,911,0,91162836320.3502,5391428.0,High Income
Slovakia,SVK,2011,535,0,0,63,46,99922685424.8835,5398384.0,High Income
Slovakia,SVK,2012,650,0,0,1523,0,94623731085.6106,5407579.0,High Income
Slovakia,SVK,2013,691,0,0,1523,138,98935222174.8603,5413393.0,High Income
Slovakia,SVK,2014,791,0,0,1523,0,101437045019.901,5418649.0,High Income
Slovakia,SVK,2015,816,0,0,1523,83,88900883130.8374,5423801.0,High Income
Slovakia,SVK,2016,980,0,0,1523,46,89952699524.894,5430798.0,High Income
Slovakia,SVK,2017,912,0,0,1523,10,95649966260.9802,5439232.0,High Income
Slovakia,SVK,2018,938,0,0,1523,0,106137924015.593,5446771.0,High Income
Slovakia,SVK,2019,965,5,0,1532,0,105720354988.541,5454147.0,High Income
Slovakia,SVK,2020,1006,44,0,1532,0,106696828625.55,5458827.0,High Income
Slovakia,SVK,2021,1046,43,0,2935,0,116527101097.7,5447247.0,High Income
Slovenia,SVN,2000,2814,8813,0,0,4539,20289627636.6767,1988925.0,Middle Income
Slovenia,SVN,2001,2411,284,0,0,4451,20876309970.385,1992060.0,Middle Income
Slovenia,SVN,2002,384,187,0,0,1279,23489890274.3142,1994530.0,Middle Income
Slovenia,SVN,2003,2065,122,0,0,779,29634713641.0968,1995733.0,High Income
Slovenia,SVN,2004,299,305,0,584,0,34414784504.2352,1997012.0,High Income
Slovenia,SVN,2005,243,182,0,445,0,36206395970.6504,2000474.0,High Income
Slovenia,SVN,2006,249,165,0,4090,0,39481045038.2637,2006868.0,High Income
Slovenia,SVN,2007,255,44,0,4090,0,48067401207.3978,2018122.0,High Income
Slovenia,SVN,2008,257,69,0,4090,0,55779427739.6609,2021316.0,High Income
Slovenia,SVN,2009,281,78,0,4090,0,50567734885.9613,2039669.0,High Income
Slovenia,SVN,2010,315,112,0,4090,0,48208240226.4501,2048583.0,High Income
Slovenia,SVN,2011,134,93,0,0,0,51583869785.1849,2052843.0,High Income
Slovenia,SVN,2012,169,93,0,5,0,46577793184.0031,2057159.0,High Income
Slovenia,SVN,2013,202,5,0,5,0,48415657264.8758,2059953.0,High Income
Slovenia,SVN,2014,251,61,0,5,0,49997186439.0916,2061980.0,High Income
Slovenia,SVN,2015,284,92,0,5,0,43107506024.3254,2063531.0,High Income
Slovenia,SVN,2016,454,309,0,5,0,44766722790.5826,2065042.0,High Income
Slovenia,SVN,2017,611,264,0,5,0,48589100043.0954,2066388.0,High Income
Slovenia,SVN,2018,746,239,0,5,0,54177882425.8431,2073894.0,High Income
Slovenia,SVN,2019,741,308,0,5,0,54331588482.3058,2088385.0,High Income
Slovenia,SVN,2020,823,277,0,10,0,53706800043.6842,2102419.0,High Income
Slovenia,SVN,2021,839,572,0,8,0,61748586534.8672,2108079.0,High Income
Spain,ESP,2000,6153,0,0,0,0,598363313494.903,40567864.0,High Income
Spain,ESP,2001,6524,0,0,0,0,627830029412.205,40850412.0,High Income
Spain,ESP,2002,6767,0,0,0,0,708756677088.629,41431558.0,High Income
Spain,ESP,2003,5900,0,0,0,0,907491523174.116,42187645.0,High Income
Spain,ESP,2004,5673,0,0,14,0,1069055675273.75,42921895.0,High Income
Spain,ESP,2005,5352,0,0,18,0,1153715822717.51,43653155.0,High Income
Spain,ESP,2006,5254,0,0,20,0,1260398977831.76,44397319.0,High Income
Spain,ESP,2007,5109,0,0,20,0,1474002579820.0,45226803.0,High Income
Spain,ESP,2008,4614,0,0,26,0,1631863493552.34,45954106.0,High Income
Spain,ESP,2009,3890,0,0,28,0,1491472923706.64,46362946.0,High Income
Spain,ESP,2010,3743,2683,0,31,0,1422108199783.34,46576897.0,High Income
Spain,ESP,2011,4155,0,0,36,0,1480710495710.12,46742697.0,High Income
Spain,ESP,2012,4407,2765,0,36,0,1324750738725.0,46773055.0,High Income
Spain,ESP,2013,4555,4323,0,270,0,1355579535912.55,46620045.0,High Income
Spain,ESP,2014,5711,5564,0,270,0,1371820537888.62,46480882.0,High Income
Spain,ESP,2015,6361,10555,0,440,0,1196156971279.69,46444832.0,High Income
Spain,ESP,2016,12896,20325,0,1011,0,1233554967011.68,46484062.0,High Income
Spain,ESP,2017,17473,34845,0,1596,0,1313245330197.65,46593236.0,High Income
Spain,ESP,2018,20370,78650,0,2455,0,1421702715218.04,46797754.0,High Income
Spain,ESP,2019,57718,133000,0,4251,0,1394320055129.41,47134837.0,High Income
Spain,ESP,2020,103592,103355,0,5914,5904,1276962685648.25,47365655.0,High Income
Spain,ESP,2021,122507,103790,0,6197,6187,1427380681294.55,47415750.0,High Income
Sweden,SWE,2000,151548,0,0,0,0,262835454366.855,8872109.0,High Income
Sweden,SWE,2001,140670,0,0,0,0,242395852494.409,8895960.0,High Income
Sweden,SWE,2002,136734,33142,0,0,0,266849061835.659,8924958.0,High Income
Sweden,SWE,2003,106742,35085,0,0,0,334337212322.076,8958229.0,High Income
Sweden,SWE,2004,68040,27732,0,0,0,385118044877.465,8993531.0,High Income
Sweden,SWE,2005,69557,15489,0,5299,0,392218088878.779,9029572.0,High Income
Sweden,SWE,2006,75922,17254,0,5571,0,423093437423.762,9080505.0,High Income
Sweden,SWE,2007,72243,27345,0,5571,0,491252589217.021,9148092.0,High Income
Sweden,SWE,2008,74230,23596,0,6239,0,517706149201.196,9219637.0,High Income
Sweden,SWE,2009,80628,18317,0,7758,0,436537014293.554,9298515.0,High Income
Sweden,SWE,2010,81954,17885,0,9344,0,495812558843.31,9378126.0,High Income
Sweden,SWE,2011,85894,17569,0,10344,0,574094112972.733,9449213.0,High Income
Sweden,SWE,2012,92119,22353,0,9596,0,552483727282.802,9519374.0,High Income
Sweden,SWE,2013,113324,27255,0,20450,0,586841821796.891,9600379.0,High Income
Sweden,SWE,2014,141331,56241,0,27167,0,581964017237.095,9696110.0,High Income
Sweden,SWE,2015,168612,155725,0,31062,0,505103781349.757,9799186.0,High Income
Sweden,SWE,2016,229527,81783,0,36036,0,515654671469.547,9923085.0,High Income
Sweden,SWE,2017,240332,50719,0,35101,0,541018749769.097,10057698.0,High Income
Sweden,SWE,2018,247606,37131,0,31819,0,555455371487.089,10175214.0,High Income
Sweden,SWE,2019,253201,27325,0,53729,0,533879529188.454,10278887.0,High Income
Sweden,SWE,2020,247802,18292,0,50414,0,547054174235.876,10353442.0,High Income
Sweden,SWE,2021,240317,13676,0,46933,0,635663801201.765,10415811.0,High Income
Switzerland,CHE,2000,57542,14947,0,0,0,279216033870.204,7184250.0,High Income
Switzerland,CHE,2001,57199,14342,0,0,0,286582672434.226,7229854.0,High Income
Switzerland,CHE,2002,52734,16000,0,0,0,309301422430.386,7284753.0,High Income
Switzerland,CHE,2003,48996,10294,0,0,0,362075086507.76,7339001.0,High Income
Switzerland,CHE,2004,47469,6229,0,25,0,403912891033.374,7389625.0,High Income
Switzerland,CHE,2005,47986,4562,0,28,0,418284865884.998,7437115.0,High Income
Switzerland,CHE,2006,48336,4979,0,153,0,441634672196.523,7483934.0,High Income
Switzerland,CHE,2007,45511,6248,0,80,0,490740715594.802,7551117.0,High Income
Switzerland,CHE,2008,45892,16852,0,75,0,567267767519.158,7647675.0,High Income
Switzerland,CHE,2009,45844,16779,0,67,0,554212916092.271,7743831.0,High Income
Switzerland,CHE,2010,48383,12634,0,62,0,598851028906.58,7824909.0,High Income
Switzerland,CHE,2011,49931,16661,0,54,0,715888126682.396,7912398.0,High Income
Switzerland,CHE,2012,50259,21451,0,69,0,686420221557.99,7996861.0,High Income
Switzerland,CHE,2013,51823,21621,0,79,0,706234937370.968,8089346.0,High Income
Switzerland,CHE,2014,62031,20230,0,76,0,726537808338.0,8188649.0,High Income
Switzerland,CHE,2015,72153,32105,0,69,0,694118186379.628,8282396.0,High Income
Switzerland,CHE,2016,81273,30279,0,66,0,687895460902.713,8373338.0,High Income
Switzerland,CHE,2017,91503,23376,0,62,0,695200833086.499,8451840.0,High Income
Switzerland,CHE,2018,102342,14530,0,49,0,725568717468.001,8514329.0,High Income
Switzerland,CHE,2019,108447,11026,0,47,0,721369112726.724,8575280.0,High Income
Switzerland,CHE,2020,114074,6469,0,711,0,739913619797.445,8638167.0,High Income
Switzerland,CHE,2021,117180,7036,0,740,98,800640155387.26,8703405.0,High Income
Ukraine,UKR,2000,2927,75,0,0,261062,32375280320.5765,49176500.0,Middle Income
Ukraine,UKR,2001,2958,171,0,0,6141,39309580983.2282,48662400.0,Middle Income
Ukraine,UKR,2002,2940,0,0,0,14107,43956369917.0202,48202470.0,Middle Income
Ukraine,UKR,2003,2851,874,0,0,85266,52010238715.8475,47812949.0,Middle Income
Ukraine,UKR,2004,2442,1803,0,77760,2809,67220154164.3166,47451626.0,Middle Income
Ukraine,UKR,2005,2334,1591,0,70077,2809,89239370109.4698,47105171.0,Middle Income
Ukraine,UKR,2006,2267,1157,0,64992,5000,111884752475.248,46787786.0,Middle Income
Ukraine,UKR,2007,7272,1283,0,58704,0,148733861386.139,46509355.0,Middle Income
Ukraine,UKR,2008,7189,1300,0,56350,0,188111140643.985,46258189.0,Middle Income
Ukraine,UKR,2009,7321,2030,0,56500,0,121552777492.556,46053331.0,Middle Income
Ukraine,UKR,2010,3016,2949,0,40353,0,141209864408.488,45870741.0,Middle Income
Ukraine,UKR,2011,3168,3589,0,39817,0,169333048847.834,45706086.0,Middle Income
Ukraine,UKR,2012,2790,5062,0,35000,0,182592416468.527,45593342.0,Middle Income
Ukraine,UKR,2013,2956,5458,0,33271,0,190498811460.028,45489648.0,Middle Income
Ukraine,UKR,2014,3206,5889,823000,35335,0,133503411375.739,45272155.0,Middle Income
Ukraine,UKR,2015,3261,6479,1600000,35228,0,91030959454.6961,45154036.0,Middle Income
Ukraine,UKR,2016,3292,6536,1800000,35363,0,93355993628.5042,45004673.0,Middle Income
Ukraine,UKR,2017,3241,6210,1800000,35294,0,112090530368.543,44831135.0,Middle Income
Ukraine,UKR,2018,2606,6389,1500002,35650,0,130891049796.879,44622518.0,Middle Income
Ukraine,UKR,2019,2166,2386,734000,35701,1680000,153882982016.281,44386203.0,Middle Income
Ukraine,UKR,2020,2249,2359,734000,35875,1620000,156617861448.576,44132049.0,Middle Income
Ukraine,UKR,2021,2382,2719,854000,35933,1424800,200085537744.354,43792855.0,Middle Income
United Kingdom of Great Britain and Northern Ireland,GBR,2000,111266,0,0,0,0,1666126494174.61,58892514.0,High Income
United Kingdom of Great Britain and Northern Ireland,GBR,2001,136561,0,0,0,0,1648658413703.76,59119673.0,High Income
United Kingdom of Great Britain and Northern Ireland,GBR,2002,162536,0,0,0,0,1785843824940.05,59370479.0,High Income
United Kingdom of Great Britain and Northern Ireland,GBR,2003,178768,0,0,0,0,2056612244897.96,59647577.0,High Income
United Kingdom of Great Britain and Northern Ireland,GBR,2004,187540,0,0,0,0,2422958623214.94,59987905.0,High Income
United Kingdom of Great Britain and Northern Ireland,GBR,2005,192957,0,0,205,0,2544805454545.45,60401206.0,High Income
United Kingdom of Great Britain and Northern Ireland,GBR,2006,194757,0,0,205,0,2709911683532.66,60846820.0,High Income
United Kingdom of Great Britain and Northern Ireland,GBR,2007,197365,0,0,205,0,3092821128451.38,61322463.0,High Income
United Kingdom of Great Britain and Northern Ireland,GBR,2008,195586,0,0,205,0,2931501838235.29,61806995.0,High Income
United Kingdom of Great Britain and Northern Ireland,GBR,2009,188033,6,0,205,0,2417638261411.43,62276270.0,High Income
United Kingdom of Great Britain and Northern Ireland,GBR,2010,166255,0,0,205,0,2491397494467.95,62766365.0,High Income
United Kingdom of Great Britain and Northern Ireland,GBR,2011,146240,16829,0,205,0,2666403005061.42,63258810.0,High Income
United Kingdom of Great Britain and Northern Ireland,GBR,2012,115538,18864,0,205,0,2706340967030.68,63700215.0,High Income
United Kingdom of Great Britain and Northern Ireland,GBR,2013,100419,23010,0,205,0,2786315215249.95,64128273.0,High Income
United Kingdom of Great Britain and Northern Ireland,GBR,2014,97205,31470,0,16,0,3065223279583.79,64602298.0,High Income
United Kingdom of Great Britain and Northern Ireland,GBR,2015,103320,33922,0,41,0,2934857946213.47,65116219.0,High Income
United Kingdom of Great Britain and Northern Ireland,GBR,2016,112198,32539,0,64,0,2699659680997.2,65611593.0,High Income
United Kingdom of Great Britain and Northern Ireland,GBR,2017,115695,32661,0,97,0,2683399006715.79,66058859.0,High Income
United Kingdom of Great Britain and Northern Ireland,GBR,2018,120533,38078,0,125,0,2878152147315.82,66460344.0,High Income
United Kingdom of Great Britain and Northern Ireland,GBR,2019,126806,56042,0,4069,0,2857057847953.02,66836327.0,High Income
United Kingdom of Great Britain and Northern Ireland,GBR,2020,130631,69788,0,4662,209,2704609160088.15,67081000.0,High Income
United Kingdom of Great Britain and Northern Ireland,GBR,2021,135271,104561,0,5177,258,3131377762925.95,67326569.0,High Income
